[],RT @Gho5tdogCodes: Python basics about functions from @programminghub_app_official #python #python3 #coding #programming https://t.co/nOmmz‚Ä¶,CodeFlawCo,India
"['logo', 'MachineLearning', 'Python', 'programming', 'IoT', 'flutter']","RT @ujjal95371221: Are you looking for a #logo 

Contact: https://t.co/IJQnwSoEJc

#MachineLearning #Python #programming #IoT #flutter #100‚Ä¶",CodeFlawCo,India
"['STARTUP', 'BigData', 'Analytics', 'DataScience', 'AI']",RT @aaaamhim: $ITOX $1 potential unknown #STARTUP trading at 1 cent https://t.co/nmWlu1Q0zK #BigData #Analytics #DataScience #AI #MachineLe‚Ä¶,CodeFlawCo,India
"['python', 'programming', 'programmers', 'WordPress', 'StartUp', 'programmingisfun']","RT @aashutosh396: How many tweets a day do you people tweet ?

#python #programming #programmers #WordPress #StartUp #programmingisfun #100‚Ä¶",CodeFlawCo,India
"['logo', 'MachineLearning', 'Python', 'programming', 'IoT', 'flutter']","RT @ujjal95371221: Are you looking for a #logo 

Contact: https://t.co/IJQnwSoEJc

#MachineLearning #Python #programming #IoT #flutter #100‚Ä¶",CodeFlawCo,India
"['Perl', 'Python']",RT @Career_Karma: The cliche ‚Äúthe old and the new‚Äù comes to life in the discussion between #Perl and #Python. As the former is slowly losin‚Ä¶,CodeFlawCo,India
"['logo', 'MachineLearning', 'Python', 'programming', 'IoT', 'flutter']","RT @ujjal95371221: Are you looking for a #logo 

Contact: https://t.co/IJQnwSoEJc

#MachineLearning #Python #programming #IoT #flutter #100‚Ä¶",CodeFlawCo,India
"['Security', 'Memes', 'math', 'science', 'engineering', 'cybersecurity', 'artificialintelligence', 'technology', 'machinelearning']","RT @PinakiLaskar: Google #Security!

#Memes #math #science #engineering #cybersecurity #artificialintelligence #technology #machinelearning‚Ä¶",CodeFlawCo,India
"['Perl', 'Python']",RT @Career_Karma: The cliche ‚Äúthe old and the new‚Äù comes to life in the discussion between #Perl and #Python. As the former is slowly losin‚Ä¶,CodeFlawCo,India
"['machinelearning', 'ad']",RT @machinelearnflx: Complete Python Machine Learning and Classification Projects https://t.co/Dr0mWfAJ5G  #machinelearning #ad,SeetaLabs,Italy
"['Learn', 'Python', 'DataScience', 'Excel', 'Data', 'Pandas']","RT @Eli_Krumova: #Learn #Python for #DataScience with #Excel: Summarize #Data in #Pandas
üëáüèΩ
https://t.co/SaAZ0JiMDq
v/ @SourabhSKatoch

#10‚Ä¶",BotRaj1,
"['Genpact', 'BigData', 'Analytics', 'DataScience', 'MachineLearning']","RT @reachcsrini: @rijuvashisht #Genpact Unethical HR Practices
https://t.co/4SNsjsXkYV
#BigData #Analytics #DataScience #MachineLearning #I‚Ä¶",aycodes,
"['Data', 'BigData', 'Analytics', 'DataScience', 'AI', 'MachineLearning', 'IoT', 'IIoT', 'Python', 'RStats', 'TensorFlow', 'Java']","RT @Fisheyebox: #Data GOVERNANCE

#BigData #Analytics #DataScience #AI #MachineLearning #IoT #IIoT #Python #RStats #TensorFlow #Java #JavaS‚Ä¶",cybersec_feeds,Internet
"['Data', 'BigData', 'Analytics', 'DataScience', 'AI', 'MachineLearning', 'IoT', 'IIoT', 'Python', 'RStats', 'TensorFlow', 'Java']","RT @Fisheyebox: #Data GOVERNANCE

#BigData #Analytics #DataScience #AI #MachineLearning #IoT #IIoT #Python #RStats #TensorFlow #Java #JavaS‚Ä¶",Women_who_code,bootcamp
"['Learn', 'Python', 'DataScience', 'Excel', 'Data', 'Pandas']","RT @Eli_Krumova: #Learn #Python for #DataScience with #Excel: Summarize #Data in #Pandas
üëáüèΩ
https://t.co/SaAZ0JiMDq
v/ @SourabhSKatoch

#10‚Ä¶",andrewmorrisuk,Bedford
"['software', 'win', 'graduate', 'linux', 'hardware', 'architect', 'qa', 'fpga', 'cloud']","RT @YuvalLeshem: Hot High Tech Jobs in Israel available 24/7
#software 
#win 
#graduate 
#linux 
#hardware 
#architect 
#qa 
#fpga 
#cloud‚Ä¶",Lovescience15,
"['MachineLearning', 'guide', 'DataScience', 'project']","RT @Eli_Krumova: How to build a #MachineLearning model: Complete #guide for 1st #DataScience #projectüìë
‚¨áÔ∏è
https://t.co/Axd1bROi5r
v/ @Soura‚Ä¶",sprint_code,India
"['machinelearning', 'ad']",RT @machinelearnflx: Complete Python Machine Learning and Classification Projects https://t.co/Dr0mWfAJ5G  #machinelearning #ad,HanochRizz,
[],"@slurpxbt For real. Some day eventually, I'll get to scratch the surface of MM'ing.

That's nice man. I've heard ab‚Ä¶ https://t.co/Qw4sesyRlx",stonXBT,
[],my male massive hard wet long thick dick,ryjekUS,poland Torun
"['Security', 'Memes', 'math', 'science', 'engineering', 'cybersecurity', 'artificialintelligence', 'technology', 'machinelearning']","RT @PinakiLaskar: Google #Security!

#Memes #math #science #engineering #cybersecurity #artificialintelligence #technology #machinelearning‚Ä¶",Moneybeatings,"Ile-de-France, France"
[],@VictorLECHOVOL1 Wow. Learn Python With Wonder Woman - I am outclassed by magnitudes. What an honor. Thank you üôè,PythonWithRune,"Copenhagen, Denmark"
[],"@MoonParamour I picked up Haskell mainly just for fun, I have no actual practical use for it besides applying funct‚Ä¶ https://t.co/3kBGDcNojS",GoodBoyMachine,nomad
[],"RT @carlcarrie: TsEuler - Holoviews Panel based dashboarding tool for Jupyter/ Python exploration of time-series

https://t.co/No5bYPo7T9 h‚Ä¶",pybokeh,
[],@ravinwashere I use Lavarel for all my major projects... But I'm creating room for Django because I love Python...,iomeata,Abuja
"['Learn', 'Python', 'DataScience', 'Excel', 'Data', 'Pandas']","RT @Eli_Krumova: #Learn #Python for #DataScience with #Excel: Summarize #Data in #Pandas
üëáüèΩ
https://t.co/SaAZ0JiMDq
v/ @SourabhSKatoch

#10‚Ä¶",_codenewbiebot,
"['Python', '100DaysOfCode']","Python program to find the first unique character in a string.

#Python  #100DaysOfCode https://t.co/H0RTP2NATo",I_am_Anirudh,"Bengaluru, India"
"['Data', 'BigData', 'Analytics', 'DataScience', 'AI', 'MachineLearning', 'IoT', 'IIoT', 'Python', 'RStats', 'TensorFlow', 'Java']","RT @Fisheyebox: #Data GOVERNANCE

#BigData #Analytics #DataScience #AI #MachineLearning #IoT #IIoT #Python #RStats #TensorFlow #Java #JavaS‚Ä¶",LlnuxBot,Raspberry Pi
['DeepLearning'],"RT @BlackfreeNiken: Data Science &amp; Machine Learning(Theory+Projects)A-Z 90 HOURS

‚è© https://t.co/NDHWp5YM3e üëà

@udemy #DeepLearning #Analyt‚Ä¶",Necio_news,"Gen√®ve, Suisse"
"['udemy', 'coupons', '100DaysOfCode']","RT @CouponOnlineCo3: Courses Free Discount - JavaScript: The Advanced Concepts -&gt; https://t.co/N6wSy5oUrq

#udemy #coupons #100DaysOfCode #‚Ä¶",_reactdev,Everywhere
"['Python', '100DaysOfCode']","RT @I_am_Anirudh: Python program to find the first unique character in a string.

#Python  #100DaysOfCode https://t.co/H0RTP2NATo",TheDeveloperBot,
"['Python', '100DaysOfCode']","RT @I_am_Anirudh: Python program to find the first unique character in a string.

#Python  #100DaysOfCode https://t.co/H0RTP2NATo",2Bftawfik,"Cairo, Egypt"
[],"RT @ABC: A puppy's owners sprang into action when a carpet python leapt out of a bush and wrapped around nine-week-old Jasper.

Thankfully,‚Ä¶",BenjaminLBF,Nanjing
"['angular', 'react', 'python', 'django', 'ux_ui', 'frontend', 'backend', 'javascript', 'lecture']","RT @YuvalLeshem: Hot High Tech Jobs in Israel available 24/7
#angular
#react
#python
#django
#ux_ui
#frontend
#backend
#javascript
#lecture‚Ä¶",Lovescience15,
"['NeuralNetworks', 'CNN', 'DeepLearning']","RT @Eli_Krumova: State of the Art Convolutional #NeuralNetworks (#CNN): #DeepLearning in 2020üéØ
üëáüèª
https://t.co/72hJVk2RTr

v @SourabhSKatoc‚Ä¶",sprint_code,India
[],"@anthomsec @ravici Yes, but if nobody is capable of writing the oneliners to be redistributed - who will? Some peop‚Ä¶ https://t.co/qWVlRtjRMu",pro_integritate,Sweden
['DEVCommunity'],"RT @Programmingbea2: ""Programming isn't about what you know; it's about what you can figure out.‚Äù - Chris Pine
#DEVCommunity #Machinelearni‚Ä¶",geraldmuvengei2,
['DEVCommunity'],"RT @Programmingbea2: ""Programming isn't about what you know; it's about what you can figure out.‚Äù - Chris Pine
#DEVCommunity #Machinelearni‚Ä¶",js_bits,"Helsinki, Suomi"
"['datascience', 'codeday', 'python']","Join us for our next workshop: 'Data Science and real-world applications', presented by Megan Jacob! #datascience #codeday #python",CodeDay,50+ cities worldwide
[],"Day 11/ 100
This was hard. It took me a lot time to complete tis days task. Nice to have challenging tasks!
Buildin‚Ä¶ https://t.co/mEuUFPYh55",tomas_tmecius,Vilnius
"['NeuralNetworks', 'CNN', 'DeepLearning']","RT @Eli_Krumova: State of the Art Convolutional #NeuralNetworks (#CNN): #DeepLearning in 2020üéØ
üëáüèª
https://t.co/72hJVk2RTr

v @SourabhSKatoc‚Ä¶",BotRaj1,
[],"RT @tomas_tmecius: Day 11/ 100
This was hard. It took me a lot time to complete tis days task. Nice to have challenging tasks!
Building: Bl‚Ä¶",RobotProud,
[],"RT @tomas_tmecius: Day 11/ 100
This was hard. It took me a lot time to complete tis days task. Nice to have challenging tasks!
Building: Bl‚Ä¶",TheDeveloperBot,
[],"RT @tomas_tmecius: Day 11/ 100
This was hard. It took me a lot time to complete tis days task. Nice to have challenging tasks!
Building: Bl‚Ä¶",100xcode,‚ö°Ô∏è
"['machinelearning', 'ad']",RT @machinelearnflx: Complete Python Machine Learning and Classification Projects https://t.co/Dr0mWfAJ5G  #machinelearning #ad,cosasdemanana,
"['datascience', 'codeday']","RT @CodeDay: Join us for our next workshop: 'Data Science and real-world applications', presented by Megan Jacob! #datascience #codeday #py‚Ä¶",epuujee,Mongolia
"['Classification', 'Logistic', 'Regression', 'BigData']","RT @Eli_Krumova: The Perfect Recipe for #Classification Using #Logistic #Regression
üëáüèª
https://t.co/FYok27puTk
v/ @gp_pulipaka

#BigData #A‚Ä¶",JimLynchCodes,"Manhattan, NY"
['DEVCommunity'],"RT @Programmingbea2: ""Programming isn't about what you know; it's about what you can figure out.‚Äù - Chris Pine
#DEVCommunity #Machinelearni‚Ä¶",CyberSecurityN8,
['DEVCommunity'],"RT @Programmingbea2: ""Programming isn't about what you know; it's about what you can figure out.‚Äù - Chris Pine
#DEVCommunity #Machinelearni‚Ä¶",sectest9,"Hyderabad, India"
[],"RT @tomas_tmecius: Day 11/ 100
This was hard. It took me a lot time to complete tis days task. Nice to have challenging tasks!
Building: Bl‚Ä¶",Bob_gamedev,
"['programming', 'webdev', 'DEVCommunity', 'Python3', 'Python', 'java', 'javascript', '100DaysOfCode', 'reactjs', 'nodejs', 'code']",#programming #webdev #DEVCommunity #Python3 #Python #java #javascript #100DaysOfCode #reactjs #nodejs #code‚Ä¶ https://t.co/KrsRNRqUyH,23corneliu1,
"['programming', 'webdev', 'DEVCommunity', 'Python3', 'Python', 'java', 'javascript', '100DaysOfCode', 'reactjs', 'nodejs', 'code', 'codenewbie']",RT @23corneliu1: #programming #webdev #DEVCommunity #Python3 #Python #java #javascript #100DaysOfCode #reactjs #nodejs #code #codenewbie #D‚Ä¶,altf4hashbot,CPU
"['programming', 'webdev', 'DEVCommunity', 'Python3', 'Python', 'java', 'javascript', '100DaysOfCode', 'reactjs', 'nodejs', 'code', 'codenewbie']",RT @23corneliu1: #programming #webdev #DEVCommunity #Python3 #Python #java #javascript #100DaysOfCode #reactjs #nodejs #code #codenewbie #D‚Ä¶,2Bftawfik,"Cairo, Egypt"
"['programming', 'webdev', 'DEVCommunity', 'Python3', 'Python', 'java', 'javascript', '100DaysOfCode', 'reactjs', 'nodejs', 'code', 'codenewbie']",RT @23corneliu1: #programming #webdev #DEVCommunity #Python3 #Python #java #javascript #100DaysOfCode #reactjs #nodejs #code #codenewbie #D‚Ä¶,TheDeveloperBot,
[],"Thank you @beaucarnes for writing this helpful article.

Algorithmic Trading with Python ‚Äì Free 4-hour Course With‚Ä¶ https://t.co/h3FcuEZOHF",TrombimLourival,
[],"RT @PiWeatherHSV_AL: At: 2020-12-06 11:28:27.929778,

Temperature: 59.0 F
Humidity: 77.0%
Light Sensor Value is: 323
Sound Level: 260
CPU T‚Ä¶",ShayTweeter,INDIA
"['Python', '100DaysOfCode']","RT @I_am_Anirudh: Python program to find the first unique character in a string.

#Python  #100DaysOfCode https://t.co/H0RTP2NATo",ShayTweeter,INDIA
[],"RT @tomas_tmecius: Day 11/ 100
This was hard. It took me a lot time to complete tis days task. Nice to have challenging tasks!
Building: Bl‚Ä¶",BotRaj1,
"['Python', '100DaysOfCode']","RT @I_am_Anirudh: Python program to find the first unique character in a string.

#Python  #100DaysOfCode https://t.co/H0RTP2NATo",xaelbot,Earth
"['Python', '100DaysOfCode']","RT @I_am_Anirudh: Python program to find the first unique character in a string.

#Python  #100DaysOfCode https://t.co/H0RTP2NATo",Women_who_code,bootcamp
"['Learn', 'Python', 'DataScience', 'Excel', 'Data', 'Pandas']","RT @Eli_Krumova: #Learn #Python for #DataScience with #Excel: Summarize #Data in #Pandas
üëáüèΩ
https://t.co/SaAZ0JiMDq
v/ @SourabhSKatoch

#10‚Ä¶",BotFemale,
"['Learn', 'Python', 'DataScience', 'Excel', 'Data', 'Pandas']","RT @Eli_Krumova: #Learn #Python for #DataScience with #Excel: Summarize #Data in #Pandas
üëáüèΩ
https://t.co/SaAZ0JiMDq
v/ @SourabhSKatoch

#10‚Ä¶",BotFemale,
[],my male massive hard horny wet long thick dick,ryjekUS,poland Torun
"['Learn', 'Python', 'DataScience', 'Excel', 'Data', 'Pandas']","RT @Eli_Krumova: #Learn #Python for #DataScience with #Excel: Summarize #Data in #Pandas
üëáüèΩ
https://t.co/SaAZ0JiMDq
v/ @SourabhSKatoch

#10‚Ä¶",friday_Js_bot,
"['AdventOfCode', 'programming', 'coding', 'Python']","I just completed ""Custom Customs"" - Day 6 - Advent of Code 2020 https://t.co/S5RNfKjDei #AdventOfCode #programming #coding #Python",JLessey,GUAYANA - VENEZUELA
"['datascience', 'codeday']","RT @CodeDay: Join us for our next workshop: 'Data Science and real-world applications', presented by Megan Jacob! #datascience #codeday #py‚Ä¶",ShayTweeter,INDIA
[],"RT @tomas_tmecius: Day 11/ 100
This was hard. It took me a lot time to complete tis days task. Nice to have challenging tasks!
Building: Bl‚Ä¶",ShayTweeter,INDIA
[],Doing that Linux baby jack last week (even though it was guided) gave me a lot of confidence in working with Linux.‚Ä¶ https://t.co/WQHBkg6MEt,ummm_taylor11,
"['Crypto', 'DataScience', 'Python', '100DaysOfCode', 'Trading']","RT @AnnoDomaini: https://t.co/wnM6gqQio2
Startup #Crypto business domain available.

#DataScience #Python #100DaysOfCode #Trading #AutoTrad‚Ä¶",FlutterBot007,
"['machinelearning', 'ad']",RT @machinelearnflx: Complete Python Machine Learning and Classification Projects https://t.co/Dr0mWfAJ5G  #machinelearning #ad,SigularityHub,
"['programming', 'webdev', 'DEVCommunity', 'Python3', 'Python', 'java', 'javascript', '100DaysOfCode', 'reactjs', 'nodejs', 'code', 'codenewbie']",RT @23corneliu1: #programming #webdev #DEVCommunity #Python3 #Python #java #javascript #100DaysOfCode #reactjs #nodejs #code #codenewbie #D‚Ä¶,ShayTweeter,INDIA
"['machinelearning', 'ad']",RT @machinelearnflx: Complete Python Machine Learning and Classification Projects https://t.co/Dr0mWfAJ5G  #machinelearning #ad,hubofml,Germany 
"['Python', '100DaysOfCode']","RT @I_am_Anirudh: Python program to find the first unique character in a string.

#Python  #100DaysOfCode https://t.co/H0RTP2NATo",BotRaj1,
"['programming', 'webdev', 'DEVCommunity', 'Python3', 'Python', 'java', 'javascript', '100DaysOfCode', 'reactjs', 'nodejs', 'code', 'codenewbie']",RT @23corneliu1: #programming #webdev #DEVCommunity #Python3 #Python #java #javascript #100DaysOfCode #reactjs #nodejs #code #codenewbie #D‚Ä¶,xaelbot,Earth
"['programming', 'webdev', 'DEVCommunity', 'Python3', 'Python', 'java', 'javascript', '100DaysOfCode', 'reactjs', 'nodejs', 'code', 'codenewbie']",RT @23corneliu1: #programming #webdev #DEVCommunity #Python3 #Python #java #javascript #100DaysOfCode #reactjs #nodejs #code #codenewbie #D‚Ä¶,Women_who_code,bootcamp
"['CheatSheet', 'data', 'Python', 'MachineLearning', 'ML', 'AI', 'ArtificialIntelligence']","RT @Eli_Krumova: #CheatSheet for all #data structures in #Python üìëüéØ
üëáüèª
v/ @SourabhSKatoch

#MachineLearning #ML #AI #ArtificialIntelligence‚Ä¶",sprint_code,India
"['programming', 'webdev', 'DEVCommunity', 'Python3', 'Python', 'java', 'javascript', '100DaysOfCode', 'reactjs', 'nodejs', 'code', 'codenewbie']",RT @23corneliu1: #programming #webdev #DEVCommunity #Python3 #Python #java #javascript #100DaysOfCode #reactjs #nodejs #code #codenewbie #D‚Ä¶,HanochRizz,
"['logo', 'MachineLearning', 'Python', 'programming', 'IoT', 'flutter']","RT @ujjal95371221: Are you looking for a #logo 

Contact: https://t.co/IJQnwSoEJc

#MachineLearning #Python #programming #IoT #flutter #100‚Ä¶",CloudCoopItaly,"Rome, Lazio"
"['BigData', 'Analytics', 'DataScience', 'DeepLearning', 'MachineLearning', 'IoT', 'Python']","RT @IntisarMahee: RCNN or YOLO?
What you prefer?
.
.
.
.
#BigData #Analytics #DataScience #DeepLearning #MachineLearning #IoT #Python #RSta‚Ä¶",CloudCoopItaly,"Rome, Lazio"
"['logo', 'MachineLearning', 'Python', 'programming', 'IoT', 'flutter']","RT @ujjal95371221: Are you looking for a #logo 

Contact: https://t.co/IJQnwSoEJc

#MachineLearning #Python #programming #IoT #flutter #100‚Ä¶",TheFieryBot,
"['linux', 'kalilinux', 'cybersecurity', 'computerscience', 'technologies', 'programming', 'python', 'techouse', 'technews']","RT @iphonegalaxymd: Bytes Sizes

#linux #kalilinux #cybersecurity #computerscience #technologies #programming #python #techouse #technews #‚Ä¶",Discovertech3,Internet
[],Nice. This works nicely on the AppleSilicon. But you really have to use Python 3.8 (e.g. built with the new MacOS a‚Ä¶ https://t.co/reyhg6ShOa,samueljohn_de,"Hannover, Germany"
"['BigData', 'Analytics', 'DataScience', 'DeepLearning', 'MachineLearning', 'IoT', 'Python']","RT @IntisarMahee: RCNN or YOLO?
What you prefer?
.
.
.
.
#BigData #Analytics #DataScience #DeepLearning #MachineLearning #IoT #Python #RSta‚Ä¶",xaelbot,Earth
"['BigData', 'Analytics', 'DataScience', 'DeepLearning', 'MachineLearning', 'IoT', 'Python']","RT @IntisarMahee: RCNN or YOLO?
What you prefer?
.
.
.
.
#BigData #Analytics #DataScience #DeepLearning #MachineLearning #IoT #Python #RSta‚Ä¶",Women_who_code,bootcamp
"['logo', 'MachineLearning', 'Python', 'programming', 'IoT', 'flutter']","RT @ujjal95371221: Are you looking for a #logo 

Contact: https://t.co/IJQnwSoEJc

#MachineLearning #Python #programming #IoT #flutter #100‚Ä¶",FlutterBot007,
[],Start Learning For Free. Statistical Thinking in Python (Part 1): Build the foundation you need to think statistica‚Ä¶ https://t.co/L407RZ58GH,DD_Wen_,Melbourne & Sydney
"['programming', 'webdev', 'DEVCommunity', 'Python3', 'Python', 'java', 'javascript', '100DaysOfCode', 'reactjs', 'nodejs', 'code', 'codenewbie']",RT @23corneliu1: #programming #webdev #DEVCommunity #Python3 #Python #java #javascript #100DaysOfCode #reactjs #nodejs #code #codenewbie #D‚Ä¶,the404code,
"['CSharp', 'BigData', 'Analytics', 'DataScience', 'IoT', 'IIoT', 'ASP', 'dotNetCore']","RT @gp_pulipaka: Save Half on #CSharp in Depth, Fourth Edition and More. #BigData #Analytics #DataScience #IoT #IIoT #ASP #dotNetCore #Pyth‚Ä¶",the404code,
"['CSharp', 'BigData', 'Analytics', 'DataScience', 'IoT', 'IIoT', 'ASP', 'dotNetCore']","RT @gp_pulipaka: Save Half on #CSharp in Depth, Fourth Edition and More. #BigData #Analytics #DataScience #IoT #IIoT #ASP #dotNetCore #Pyth‚Ä¶",the404code,
"['BigData', 'Analytics', 'DataScience', 'AI']","RT @thinksureindia: RT: @gp_pulipaka

A Complete Introduction To Time Series Analysis (with R): #BigData #Analytics #DataScience #AI #Machi‚Ä¶",plutocero,Gaia
"['CSharp', 'BigData', 'Analytics', 'DataScience', 'IoT', 'IIoT', 'ASP', 'dotNetCore']","RT @gp_pulipaka: Save Half on #CSharp in Depth, Fourth Edition and More. #BigData #Analytics #DataScience #IoT #IIoT #ASP #dotNetCore #Pyth‚Ä¶",trendsinAI,
"['BigData', 'Analytics', 'DataScience', 'AI']","RT @thinksureindia: RT: @gp_pulipaka

A Complete Introduction To Time Series Analysis (with R): #BigData #Analytics #DataScience #AI #Machi‚Ä¶",TheCuriousLuke,Switzerland
['DeepLearning'],"Reinforcement Learning with Python Explained for Beginners

‚è© https://t.co/F6pXpFD7Kt 

@udemy #DeepLearning‚Ä¶ https://t.co/chsz8QSzwf",BlackfreeNiken,
"['BigData', 'Analytics', 'DataScience', 'DeepLearning', 'MachineLearning', 'IoT', 'Python']","RT @IntisarMahee: RCNN or YOLO?
What you prefer?
.
.
.
.
#BigData #Analytics #DataScience #DeepLearning #MachineLearning #IoT #Python #RSta‚Ä¶",BotRaj1,
"['DeepLearning', 'Analytics']","RT @BlackfreeNiken: Reinforcement Learning with Python Explained for Beginners

‚è© https://t.co/F6pXpFD7Kt 

@udemy #DeepLearning #Analytics‚Ä¶",TheDeveloperBot,
"['DeepLearning', 'Analytics']","RT @BlackfreeNiken: Reinforcement Learning with Python Explained for Beginners

‚è© https://t.co/F6pXpFD7Kt 

@udemy #DeepLearning #Analytics‚Ä¶",ServerlessFan,Sri Lanka
"['DeepLearning', 'Analytics']","RT @BlackfreeNiken: Reinforcement Learning with Python Explained for Beginners

‚è© https://t.co/F6pXpFD7Kt 

@udemy #DeepLearning #Analytics‚Ä¶",ReinforcementB,
"['DeepLearning', 'Analytics']","RT @BlackfreeNiken: Reinforcement Learning with Python Explained for Beginners

‚è© https://t.co/F6pXpFD7Kt 

@udemy #DeepLearning #Analytics‚Ä¶",RobotProud,
"['DeepLearning', 'Analytics']","RT @BlackfreeNiken: Reinforcement Learning with Python Explained for Beginners

‚è© https://t.co/F6pXpFD7Kt 

@udemy #DeepLearning #Analytics‚Ä¶",xaelbot,Earth
